institution,fiscal_year,study_level,credential,headcount
Algoma,2012-2013,Undergraduate,Certificate,11
Algoma,2012-2013,Undergraduate,Degree (includes applied degree),1084
Algoma,2012-2013,Undergraduate,Not Applicable,13
Algoma,2013-2014,Undergraduate,Degree (includes applied degree),1200
Algoma,2013-2014,Undergraduate,Not Applicable,17
Algoma,2014-2015,Undergraduate,Degree (includes applied degree),1173
Algoma,2014-2015,Undergraduate,Not Applicable,11
Algoma,2015-2016,Undergraduate,Degree (includes applied degree),1052
Algoma,2015-2016,Undergraduate,Not Applicable,24
Algoma,2016-2017,Undergraduate,Degree (includes applied degree),982
Algoma,2016-2017,Undergraduate,Not Applicable,15
Algoma,2017-2018,Undergraduate,Degree (includes applied degree),872
Algoma,2017-2018,Undergraduate,Not Applicable,20
Algoma,2018-2019,Undergraduate,Certificate,91
Algoma,2018-2019,Undergraduate,Degree (includes applied degree),850
Algoma,2018-2019,Undergraduate,Not Applicable,13
Algoma,2019-2020,Undergraduate,Certificate,565
Algoma,2019-2020,Undergraduate,Degree (includes applied degree),1030
Algoma,2019-2020,Undergraduate,Not Applicable,16
Algoma,2020-2021,Undergraduate,Certificate,230
Algoma,2020-2021,Undergraduate,Degree (includes applied degree),1178
Algoma,2021-2022,Undergraduate,Certificate,1041
Algoma,2021-2022,Undergraduate,Degree (includes applied degree),1396
Algoma,2022-2023,Undergraduate,Certificate,1586
Algoma,2022-2023,Undergraduate,Degree (includes applied degree),1713
Algoma,2022-2023,Undergraduate,Diploma,0
Algoma,2023-2024,Undergraduate,Certificate,3303
Algoma,2023-2024,Undergraduate,Degree (includes applied degree),3201
Algoma,2023-2024,Undergraduate,Not Applicable,11
Brock,2012-2013,Undergraduate,Certificate,132
Brock,2012-2013,Undergraduate,Degree (includes applied degree),14504
Brock,2012-2013,Undergraduate,Not Applicable,38
Brock,2012-2013,Graduate,Degree (includes applied degree),1174
Brock,2013-2014,Undergraduate,Certificate,131
Brock,2013-2014,Undergraduate,Degree (includes applied degree),14635
Brock,2013-2014,Undergraduate,Not Applicable,86
Brock,2013-2014,Graduate,Degree (includes applied degree),1292
Brock,2014-2015,Undergraduate,Certificate,128
Brock,2014-2015,Undergraduate,Degree (includes applied degree),14727
Brock,2014-2015,Undergraduate,Not Applicable,56
Brock,2014-2015,Graduate,Degree (includes applied degree),1248
Brock,2014-2015,Graduate,Not Applicable,11
Brock,2015-2016,Undergraduate,Certificate,87
Brock,2015-2016,Undergraduate,Degree (includes applied degree),14505
Brock,2015-2016,Undergraduate,Not Applicable,61
Brock,2015-2016,Graduate,Degree (includes applied degree),1258
Brock,2016-2017,Undergraduate,Certificate,127
Brock,2016-2017,Undergraduate,Degree (includes applied degree),14653
Brock,2016-2017,Undergraduate,Not Applicable,58
Brock,2016-2017,Graduate,Degree (includes applied degree),1324
Brock,2016-2017,Graduate,Not Applicable,10
Brock,2017-2018,Undergraduate,Certificate,110
Brock,2017-2018,Undergraduate,Degree (includes applied degree),14605
Brock,2017-2018,Undergraduate,Not Applicable,51
Brock,2017-2018,Graduate,Degree (includes applied degree),1372
Brock,2018-2019,Undergraduate,Certificate,116
Brock,2018-2019,Undergraduate,Degree (includes applied degree),14768
Brock,2018-2019,Undergraduate,Not Applicable,38
Brock,2018-2019,Graduate,Degree (includes applied degree),1424
Brock,2018-2019,Graduate,Diploma,0
Brock,2018-2019,Graduate,Not Applicable,11
Brock,2019-2020,Undergraduate,Certificate,82
Brock,2019-2020,Undergraduate,Degree (includes applied degree),15349
Brock,2019-2020,Undergraduate,Not Applicable,38
Brock,2019-2020,Graduate,Degree (includes applied degree),1579
Brock,2019-2020,Graduate,Not Applicable,17
Brock,2020-2021,Undergraduate,Certificate,48
Brock,2020-2021,Undergraduate,Degree (includes applied degree),15199
Brock,2020-2021,Undergraduate,Not Applicable,16
Brock,2020-2021,Graduate,Degree (includes applied degree),1568
Brock,2021-2022,Undergraduate,Certificate,44
Brock,2021-2022,Undergraduate,Degree (includes applied degree),15100
Brock,2021-2022,Undergraduate,Not Applicable,15
Brock,2021-2022,Graduate,Degree (includes applied degree),1529
Brock,2021-2022,Graduate,Diploma,0
Brock,2022-2023,Undergraduate,Certificate,33
Brock,2022-2023,Undergraduate,Degree (includes applied degree),15157
Brock,2022-2023,Undergraduate,Not Applicable,37
Brock,2022-2023,Graduate,Degree (includes applied degree),1479
Brock,2023-2024,Undergraduate,Certificate,45
Brock,2023-2024,Undergraduate,Degree (includes applied degree),15036
Brock,2023-2024,Undergraduate,Not Applicable,26
Brock,2023-2024,Graduate,Degree (includes applied degree),1522
Carleton,2012-2013,Undergraduate,Degree (includes applied degree),19052
Carleton,2012-2013,Undergraduate,Other type of credential associated with a program,404
Carleton,2012-2013,Graduate,Degree (includes applied degree),2936
Carleton,2012-2013,Graduate,Other type of credential associated with a program,44
Carleton,2013-2014,Undergraduate,Degree (includes applied degree),19621
Carleton,2013-2014,Undergraduate,Other type of credential associated with a program,413
Carleton,2013-2014,Graduate,Degree (includes applied degree),3043
Carleton,2013-2014,Graduate,Other type of credential associated with a program,37
Carleton,2014-2015,Undergraduate,Degree (includes applied degree),19983
Carleton,2014-2015,Undergraduate,Other type of credential associated with a program,416
Carleton,2014-2015,Graduate,Degree (includes applied degree),3128
Carleton,2014-2015,Graduate,Other type of credential associated with a program,29
Carleton,2015-2016,Undergraduate,Degree (includes applied degree),20183
Carleton,2015-2016,Undergraduate,Other type of credential associated with a program,417
Carleton,2015-2016,Graduate,Degree (includes applied degree),3341
Carleton,2015-2016,Graduate,Other type of credential associated with a program,18
Carleton,2016-2017,Undergraduate,Degree (includes applied degree),20593
Carleton,2016-2017,Undergraduate,Other type of credential associated with a program,382
Carleton,2016-2017,Graduate,Degree (includes applied degree),3464
Carleton,2016-2017,Graduate,Other type of credential associated with a program,21
Carleton,2017-2018,Undergraduate,Degree (includes applied degree),21293
Carleton,2017-2018,Undergraduate,Other type of credential associated with a program,411
Carleton,2017-2018,Graduate,Degree (includes applied degree),3556
Carleton,2017-2018,Graduate,Other type of credential associated with a program,31
Carleton,2018-2019,Undergraduate,Degree (includes applied degree),21380
Carleton,2018-2019,Undergraduate,Other type of credential associated with a program,373
Carleton,2018-2019,Graduate,Degree (includes applied degree),3453
Carleton,2018-2019,Graduate,Other type of credential associated with a program,34
Carleton,2019-2020,Undergraduate,Degree (includes applied degree),21434
Carleton,2019-2020,Undergraduate,Other type of credential associated with a program,372
Carleton,2019-2020,Graduate,Degree (includes applied degree),3600
Carleton,2019-2020,Graduate,Other type of credential associated with a program,39
Carleton,2020-2021,Undergraduate,Degree (includes applied degree),20995
Carleton,2020-2021,Undergraduate,Other type of credential associated with a program,230
Carleton,2020-2021,Graduate,Degree (includes applied degree),3808
Carleton,2020-2021,Graduate,Other type of credential associated with a program,37
Carleton,2021-2022,Undergraduate,Degree (includes applied degree),20324
Carleton,2021-2022,Undergraduate,Other type of credential associated with a program,237
Carleton,2021-2022,Graduate,Degree (includes applied degree),3831
Carleton,2021-2022,Graduate,Other type of credential associated with a program,41
Carleton,2022-2023,Undergraduate,Degree (includes applied degree),19622
Carleton,2022-2023,Undergraduate,Other type of credential associated with a program,300
Carleton,2022-2023,Graduate,Degree (includes applied degree),3771
Carleton,2022-2023,Graduate,Other type of credential associated with a program,33
Carleton,2023-2024,Undergraduate,Degree (includes applied degree),19684
Carleton,2023-2024,Undergraduate,Other type of credential associated with a program,371
Carleton,2023-2024,Graduate,Degree (includes applied degree),3885
Carleton,2023-2024,Graduate,Other type of credential associated with a program,35
Dominican,2012-2013,Undergraduate,Degree (includes applied degree),37
Dominican,2012-2013,Undergraduate,Other type of credential associated with a program,15
Dominican,2012-2013,Graduate,Degree (includes applied degree),50
Guelph,2012-2013,Undergraduate,Degree (includes applied degree),21787
Guelph,2012-2013,Undergraduate,Diploma,640
Guelph,2012-2013,Undergraduate,Not Applicable,61
Guelph,2012-2013,Undergraduate,Other type of credential associated with a program,19
Guelph,2012-2013,Graduate,Degree (includes applied degree),2404
Guelph,2013-2014,Undergraduate,Degree (includes applied degree),21879
Guelph,2013-2014,Undergraduate,Diploma,676
Guelph,2013-2014,Undergraduate,Not Applicable,134
Guelph,2013-2014,Undergraduate,Other type of credential associated with a program,17
Guelph,2013-2014,Graduate,Degree (includes applied degree),2325
Guelph,2013-2014,Graduate,Diploma,10
Guelph,2014-2015,Undergraduate,Certificate,0
Guelph,2014-2015,Undergraduate,Degree (includes applied degree),22120
Guelph,2014-2015,Undergraduate,Diploma,653
Guelph,2014-2015,Undergraduate,Not Applicable,160
Guelph,2014-2015,Undergraduate,Other type of credential associated with a program,10
Guelph,2014-2015,Graduate,Degree (includes applied degree),2286
Guelph,2015-2016,Undergraduate,Degree (includes applied degree),23008
Guelph,2015-2016,Undergraduate,Diploma,574
Guelph,2015-2016,Undergraduate,Not Applicable,107
Guelph,2015-2016,Undergraduate,Other type of credential associated with a program,16
Guelph,2015-2016,Graduate,Degree (includes applied degree),2291
Guelph,2016-2017,Undergraduate,Degree (includes applied degree),23589
Guelph,2016-2017,Undergraduate,Diploma,593
Guelph,2016-2017,Undergraduate,Not Applicable,76
Guelph,2016-2017,Undergraduate,Other type of credential associated with a program,19
Guelph,2016-2017,Graduate,Degree (includes applied degree),2482
Guelph,2016-2017,Graduate,Not Applicable,0
Guelph,2017-2018,Undergraduate,Degree (includes applied degree),23507
Guelph,2017-2018,Undergraduate,Diploma,618
Guelph,2017-2018,Undergraduate,Not Applicable,61
Guelph,2017-2018,Undergraduate,Other type of credential associated with a program,14
Guelph,2017-2018,Graduate,Degree (includes applied degree),2615
Guelph,2018-2019,Undergraduate,Degree (includes applied degree),23397
Guelph,2018-2019,Undergraduate,Diploma,635
Guelph,2018-2019,Undergraduate,Not Applicable,72
Guelph,2018-2019,Undergraduate,Other type of credential associated with a program,13
Guelph,2018-2019,Graduate,Degree (includes applied degree),2678
Guelph,2019-2020,Undergraduate,Degree (includes applied degree),23799
Guelph,2019-2020,Undergraduate,Diploma,589
Guelph,2019-2020,Undergraduate,Not Applicable,59
Guelph,2019-2020,Undergraduate,Other type of credential associated with a program,14
Guelph,2019-2020,Graduate,Degree (includes applied degree),2827
Guelph,2020-2021,Undergraduate,Degree (includes applied degree),23470
Guelph,2020-2021,Undergraduate,Diploma,454
Guelph,2020-2021,Undergraduate,Not Applicable,55
Guelph,2020-2021,Undergraduate,Other type of credential associated with a program,19
Guelph,2020-2021,Graduate,Degree (includes applied degree),2832
Guelph,2021-2022,Undergraduate,Degree (includes applied degree),22774
Guelph,2021-2022,Undergraduate,Diploma,443
Guelph,2021-2022,Undergraduate,Not Applicable,68
Guelph,2021-2022,Undergraduate,Other type of credential associated with a program,15
Guelph,2021-2022,Graduate,Degree (includes applied degree),2907
Guelph,2022-2023,Undergraduate,Degree (includes applied degree),24115
Guelph,2022-2023,Undergraduate,Diploma,553
Guelph,2022-2023,Undergraduate,Not Applicable,35
Guelph,2022-2023,Undergraduate,Other type of credential associated with a program,11
Guelph,2022-2023,Graduate,Degree (includes applied degree),2852
Guelph,2022-2023,Graduate,Diploma,0
Guelph,2023-2024,Undergraduate,Certificate,38
Guelph,2023-2024,Undergraduate,Degree (includes applied degree),24620
Guelph,2023-2024,Undergraduate,Diploma,599
Guelph,2023-2024,Undergraduate,Not Applicable,50
Guelph,2023-2024,Graduate,Degree (includes applied degree),2825
Guelph,2023-2024,Graduate,Diploma,0
Hearst,2012-2013,Undergraduate,Degree (includes applied degree),68
Hearst,2013-2014,Undergraduate,Degree (includes applied degree),67
Hearst,2014-2015,Undergraduate,Degree (includes applied degree),72
Hearst,2015-2016,Undergraduate,Degree (includes applied degree),103
Hearst,2016-2017,Undergraduate,Degree (includes applied degree),103
Hearst,2017-2018,Undergraduate,Degree (includes applied degree),125
Hearst,2018-2019,Undergraduate,Degree (includes applied degree),141
Hearst,2019-2020,Undergraduate,Degree (includes applied degree),199
Hearst,2020-2021,Undergraduate,Degree (includes applied degree),161
Hearst,2021-2022,Undergraduate,Degree (includes applied degree),210
Hearst,2022-2023,Undergraduate,Degree (includes applied degree),217
Hearst,2022-2023,Graduate,Diploma,10
Hearst,2023-2024,Undergraduate,Degree (includes applied degree),310
Hearst,2023-2024,Graduate,Diploma,10
Lakehead,2012-2013,Undergraduate,Degree (includes applied degree),6331
Lakehead,2012-2013,Undergraduate,Not Applicable,17
Lakehead,2012-2013,Graduate,Degree (includes applied degree),752
Lakehead,2013-2014,Undergraduate,Degree (includes applied degree),6203
Lakehead,2013-2014,Undergraduate,Not Applicable,101
Lakehead,2013-2014,Graduate,Degree (includes applied degree),797
Lakehead,2014-2015,Undergraduate,Degree (includes applied degree),6134
Lakehead,2014-2015,Undergraduate,Not Applicable,101
Lakehead,2014-2015,Graduate,Degree (includes applied degree),782
Lakehead,2014-2015,Graduate,Not Applicable,13
Lakehead,2015-2016,Undergraduate,Degree (includes applied degree),5678
Lakehead,2015-2016,Undergraduate,Not Applicable,47
Lakehead,2015-2016,Graduate,Degree (includes applied degree),871
Lakehead,2015-2016,Graduate,Not Applicable,20
Lakehead,2016-2017,Undergraduate,Degree (includes applied degree),5871
Lakehead,2016-2017,Undergraduate,Not Applicable,52
Lakehead,2016-2017,Graduate,Degree (includes applied degree),1024
Lakehead,2016-2017,Graduate,Diploma,19
Lakehead,2017-2018,Undergraduate,Degree (includes applied degree),5664
Lakehead,2017-2018,Undergraduate,Not Applicable,36
Lakehead,2017-2018,Graduate,Degree (includes applied degree),1192
Lakehead,2017-2018,Graduate,Diploma,23
Lakehead,2018-2019,Undergraduate,Degree (includes applied degree),5793
Lakehead,2018-2019,Undergraduate,Not Applicable,54
Lakehead,2018-2019,Graduate,Degree (includes applied degree),1268
Lakehead,2018-2019,Graduate,Diploma,33
Lakehead,2018-2019,Graduate,Not Applicable,0
Lakehead,2019-2020,Undergraduate,Degree (includes applied degree),5800
Lakehead,2019-2020,Undergraduate,Not Applicable,60
Lakehead,2019-2020,Graduate,Degree (includes applied degree),1415
Lakehead,2019-2020,Graduate,Diploma,30
Lakehead,2020-2021,Undergraduate,Degree (includes applied degree),5736
Lakehead,2020-2021,Undergraduate,Not Applicable,20
Lakehead,2020-2021,Graduate,Degree (includes applied degree),1280
Lakehead,2020-2021,Graduate,Diploma,26
Lakehead,2021-2022,Undergraduate,Degree (includes applied degree),5637
Lakehead,2021-2022,Undergraduate,Not Applicable,24
Lakehead,2021-2022,Graduate,Degree (includes applied degree),1409
Lakehead,2021-2022,Graduate,Diploma,19
Lakehead,2021-2022,Graduate,Not Applicable,0
Lakehead,2022-2023,Undergraduate,Degree (includes applied degree),5563
Lakehead,2022-2023,Undergraduate,Not Applicable,24
Lakehead,2022-2023,Graduate,Degree (includes applied degree),1451
Lakehead,2022-2023,Graduate,Diploma,11
Lakehead,2023-2024,Undergraduate,Degree (includes applied degree),5615
Lakehead,2023-2024,Undergraduate,Not Applicable,60
Lakehead,2023-2024,Graduate,Degree (includes applied degree),1731
Lakehead,2023-2024,Graduate,Diploma,14
Laurentian,2012-2013,Undergraduate,Degree (includes applied degree),6242
Laurentian,2012-2013,Undergraduate,Not Applicable,32
Laurentian,2012-2013,Graduate,Degree (includes applied degree),393
Laurentian,2012-2013,Graduate,Diploma,10
Laurentian,2013-2014,Undergraduate,Degree (includes applied degree),6260
Laurentian,2013-2014,Undergraduate,Not Applicable,30
Laurentian,2013-2014,Graduate,Degree (includes applied degree),449
Laurentian,2013-2014,Graduate,Diploma,13
Laurentian,2014-2015,Undergraduate,Degree (includes applied degree),6304
Laurentian,2014-2015,Undergraduate,Not Applicable,28
Laurentian,2014-2015,Graduate,Degree (includes applied degree),465
Laurentian,2014-2015,Graduate,Diploma,11
Laurentian,2015-2016,Undergraduate,Degree (includes applied degree),6579
Laurentian,2015-2016,Undergraduate,Not Applicable,42
Laurentian,2015-2016,Graduate,Degree (includes applied degree),497
Laurentian,2015-2016,Graduate,Diploma,10
Laurentian,2016-2017,Undergraduate,Degree (includes applied degree),6482
Laurentian,2016-2017,Undergraduate,Not Applicable,38
Laurentian,2016-2017,Graduate,Degree (includes applied degree),494
Laurentian,2016-2017,Graduate,Diploma,12
Laurentian,2017-2018,Undergraduate,Degree (includes applied degree),6301
Laurentian,2017-2018,Undergraduate,Not Applicable,24
Laurentian,2017-2018,Graduate,Degree (includes applied degree),491
Laurentian,2018-2019,Undergraduate,Degree (includes applied degree),6126
Laurentian,2018-2019,Undergraduate,Not Applicable,30
Laurentian,2018-2019,Graduate,Degree (includes applied degree),570
Laurentian,2019-2020,Undergraduate,Degree (includes applied degree),6166
Laurentian,2019-2020,Undergraduate,Not Applicable,30
Laurentian,2019-2020,Graduate,Degree (includes applied degree),645
Laurentian,2019-2020,Graduate,Diploma,0
Laurentian,2020-2021,Undergraduate,Degree (includes applied degree),6309
Laurentian,2020-2021,Undergraduate,Not Applicable,17
Laurentian,2020-2021,Graduate,Degree (includes applied degree),714
Laurentian,2021-2022,Undergraduate,Degree (includes applied degree),5324
Laurentian,2021-2022,Undergraduate,Not Applicable,11
Laurentian,2021-2022,Graduate,Degree (includes applied degree),640
Laurentian,2022-2023,Undergraduate,Degree (includes applied degree),4862
Laurentian,2022-2023,Undergraduate,Not Applicable,11
Laurentian,2022-2023,Graduate,Degree (includes applied degree),753
Laurentian,2023-2024,Undergraduate,Degree (includes applied degree),4722
Laurentian,2023-2024,Graduate,Degree (includes applied degree),1516
McMaster,2012-2013,Undergraduate,Degree (includes applied degree),21270
McMaster,2012-2013,Undergraduate,Not Applicable,979
McMaster,2012-2013,Graduate,Degree (includes applied degree),3529
McMaster,2012-2013,Graduate,Diploma,15
McMaster,2013-2014,Undergraduate,Degree (includes applied degree),21589
McMaster,2013-2014,Undergraduate,Not Applicable,1023
McMaster,2013-2014,Graduate,Degree (includes applied degree),3509
McMaster,2013-2014,Graduate,Diploma,13
McMaster,2014-2015,Undergraduate,Degree (includes applied degree),21802
McMaster,2014-2015,Undergraduate,Not Applicable,1058
McMaster,2014-2015,Graduate,Degree (includes applied degree),3610
McMaster,2014-2015,Graduate,Diploma,13
McMaster,2015-2016,Undergraduate,Certificate,0
McMaster,2015-2016,Undergraduate,Degree (includes applied degree),23659
McMaster,2015-2016,Undergraduate,Not Applicable,1135
McMaster,2015-2016,Graduate,Certificate,17
McMaster,2015-2016,Graduate,Degree (includes applied degree),3597
McMaster,2016-2017,Undergraduate,Degree (includes applied degree),24778
McMaster,2016-2017,Undergraduate,Not Applicable,1228
McMaster,2016-2017,Graduate,Certificate,63
McMaster,2016-2017,Graduate,Degree (includes applied degree),3748
McMaster,2017-2018,Undergraduate,Degree (includes applied degree),25354
McMaster,2017-2018,Undergraduate,Not Applicable,1278
McMaster,2017-2018,Graduate,Certificate,75
McMaster,2017-2018,Graduate,Degree (includes applied degree),3833
McMaster,2018-2019,Undergraduate,Degree (includes applied degree),26371
McMaster,2018-2019,Undergraduate,Not Applicable,1341
McMaster,2018-2019,Graduate,Certificate,100
McMaster,2018-2019,Graduate,Degree (includes applied degree),4076
McMaster,2019-2020,Undergraduate,Degree (includes applied degree),27480
McMaster,2019-2020,Undergraduate,Not Applicable,1351
McMaster,2019-2020,Graduate,Certificate,96
McMaster,2019-2020,Graduate,Degree (includes applied degree),4273
McMaster,2020-2021,Undergraduate,Certificate,0
McMaster,2020-2021,Undergraduate,Degree (includes applied degree),29397
McMaster,2020-2021,Undergraduate,Not Applicable,1163
McMaster,2020-2021,Graduate,Certificate,22
McMaster,2020-2021,Graduate,Degree (includes applied degree),4189
McMaster,2021-2022,Undergraduate,Degree (includes applied degree),29967
McMaster,2021-2022,Undergraduate,Not Applicable,1200
McMaster,2021-2022,Graduate,Certificate,26
McMaster,2021-2022,Graduate,Degree (includes applied degree),4449
McMaster,2022-2023,Undergraduate,Degree (includes applied degree),30048
McMaster,2022-2023,Undergraduate,Not Applicable,1327
McMaster,2022-2023,Graduate,Certificate,68
McMaster,2022-2023,Graduate,Degree (includes applied degree),4595
McMaster,2023-2024,Undergraduate,Degree (includes applied degree),29992
McMaster,2023-2024,Undergraduate,Not Applicable,1381
McMaster,2023-2024,Graduate,Certificate,74
McMaster,2023-2024,Graduate,Degree (includes applied degree),4726
Metropolitan,2012-2013,Undergraduate,Degree (includes applied degree),20731
Metropolitan,2012-2013,Graduate,Degree (includes applied degree),1997
Metropolitan,2013-2014,Undergraduate,Degree (includes applied degree),22020
Metropolitan,2013-2014,Graduate,Degree (includes applied degree),1988
Metropolitan,2014-2015,Undergraduate,Degree (includes applied degree),24405
Metropolitan,2014-2015,Graduate,Degree (includes applied degree),2054
Metropolitan,2015-2016,Undergraduate,Degree (includes applied degree),26027
Metropolitan,2015-2016,Undergraduate,Not Applicable,0
Metropolitan,2015-2016,Graduate,Degree (includes applied degree),2132
Metropolitan,2016-2017,Undergraduate,Degree (includes applied degree),27740
Metropolitan,2016-2017,Graduate,Degree (includes applied degree),2257
Metropolitan,2016-2017,Graduate,Other type of credential associated with a program,12
Metropolitan,2017-2018,Undergraduate,Degree (includes applied degree),28262
Metropolitan,2017-2018,Graduate,Degree (includes applied degree),2320
Metropolitan,2017-2018,Graduate,Other type of credential associated with a program,12
Metropolitan,2018-2019,Undergraduate,Degree (includes applied degree),28832
Metropolitan,2018-2019,Graduate,Degree (includes applied degree),2392
Metropolitan,2018-2019,Graduate,Other type of credential associated with a program,12
Metropolitan,2019-2020,Undergraduate,Degree (includes applied degree),28707
Metropolitan,2019-2020,Undergraduate,Not Applicable,0
Metropolitan,2019-2020,Graduate,Degree (includes applied degree),2549
Metropolitan,2019-2020,Graduate,Other type of credential associated with a program,24
Metropolitan,2020-2021,Undergraduate,Degree (includes applied degree),31304
Metropolitan,2020-2021,Undergraduate,Not Applicable,0
Metropolitan,2020-2021,Graduate,Degree (includes applied degree),2677
Metropolitan,2020-2021,Graduate,Other type of credential associated with a program,24
Metropolitan,2021-2022,Undergraduate,Degree (includes applied degree),31806
Metropolitan,2021-2022,Graduate,Degree (includes applied degree),2714
Metropolitan,2021-2022,Graduate,Other type of credential associated with a program,24
Metropolitan,2022-2023,Undergraduate,Degree (includes applied degree),30438
Metropolitan,2022-2023,Undergraduate,Not Applicable,0
Metropolitan,2022-2023,Graduate,Degree (includes applied degree),2614
Metropolitan,2022-2023,Graduate,Other type of credential associated with a program,24
Metropolitan,2023-2024,Undergraduate,Degree (includes applied degree),31219
Metropolitan,2023-2024,Undergraduate,Not Applicable,0
Metropolitan,2023-2024,Graduate,Degree (includes applied degree),2581
Metropolitan,2023-2024,Graduate,Other type of credential associated with a program,16
NOSMU,2012-2013,Undergraduate,Degree (includes applied degree),387
NOSMU,2012-2013,Undergraduate,Not Applicable,0
NOSMU,2013-2014,Undergraduate,Degree (includes applied degree),255
NOSMU,2013-2014,Undergraduate,Not Applicable,161
NOSMU,2014-2015,Undergraduate,Degree (includes applied degree),257
NOSMU,2014-2015,Undergraduate,Not Applicable,168
NOSMU,2015-2016,Undergraduate,Degree (includes applied degree),257
NOSMU,2015-2016,Undergraduate,Not Applicable,176
NOSMU,2016-2017,Undergraduate,Degree (includes applied degree),256
NOSMU,2016-2017,Undergraduate,Not Applicable,181
NOSMU,2017-2018,Undergraduate,Degree (includes applied degree),255
NOSMU,2017-2018,Undergraduate,Not Applicable,183
NOSMU,2018-2019,Undergraduate,Degree (includes applied degree),253
NOSMU,2018-2019,Undergraduate,Not Applicable,195
NOSMU,2019-2020,Undergraduate,Degree (includes applied degree),256
NOSMU,2019-2020,Undergraduate,Not Applicable,191
NOSMU,2020-2021,Undergraduate,Degree (includes applied degree),257
NOSMU,2020-2021,Undergraduate,Not Applicable,200
NOSMU,2021-2022,Undergraduate,Degree (includes applied degree),257
NOSMU,2021-2022,Undergraduate,Not Applicable,189
NOSMU,2022-2023,Undergraduate,Degree (includes applied degree),276
NOSMU,2022-2023,Undergraduate,Not Applicable,191
NOSMU,2023-2024,Undergraduate,Degree (includes applied degree),290
NOSMU,2023-2024,Undergraduate,Not Applicable,195
Nipissing,2012-2013,Undergraduate,Degree (includes applied degree),3663
Nipissing,2012-2013,Graduate,Degree (includes applied degree),94
Nipissing,2013-2014,Undergraduate,Degree (includes applied degree),3387
Nipissing,2013-2014,Undergraduate,Not Applicable,32
Nipissing,2013-2014,Graduate,Degree (includes applied degree),101
Nipissing,2014-2015,Undergraduate,Certificate,0
Nipissing,2014-2015,Undergraduate,Degree (includes applied degree),3269
Nipissing,2014-2015,Undergraduate,Not Applicable,15
Nipissing,2014-2015,Graduate,Degree (includes applied degree),135
Nipissing,2015-2016,Undergraduate,Certificate,0
Nipissing,2015-2016,Undergraduate,Degree (includes applied degree),3087
Nipissing,2015-2016,Undergraduate,Not Applicable,18
Nipissing,2015-2016,Graduate,Degree (includes applied degree),159
Nipissing,2016-2017,Undergraduate,Certificate,0
Nipissing,2016-2017,Undergraduate,Degree (includes applied degree),3070
Nipissing,2016-2017,Undergraduate,Not Applicable,17
Nipissing,2016-2017,Graduate,Degree (includes applied degree),144
Nipissing,2017-2018,Undergraduate,Certificate,0
Nipissing,2017-2018,Undergraduate,Degree (includes applied degree),3001
Nipissing,2017-2018,Undergraduate,Not Applicable,15
Nipissing,2017-2018,Graduate,Degree (includes applied degree),152
Nipissing,2018-2019,Undergraduate,Certificate,0
Nipissing,2018-2019,Undergraduate,Degree (includes applied degree),3334
Nipissing,2018-2019,Undergraduate,Diploma,13
Nipissing,2018-2019,Undergraduate,Not Applicable,52
Nipissing,2018-2019,Graduate,Degree (includes applied degree),166
Nipissing,2019-2020,Undergraduate,Degree (includes applied degree),3556
Nipissing,2019-2020,Undergraduate,Not Applicable,51
Nipissing,2019-2020,Graduate,Degree (includes applied degree),161
Nipissing,2020-2021,Undergraduate,Certificate,16
Nipissing,2020-2021,Undergraduate,Degree (includes applied degree),3558
Nipissing,2020-2021,Undergraduate,Diploma,16
Nipissing,2020-2021,Undergraduate,Not Applicable,14
Nipissing,2020-2021,Graduate,Degree (includes applied degree),180
Nipissing,2021-2022,Undergraduate,Degree (includes applied degree),3674
Nipissing,2021-2022,Undergraduate,Diploma,50
Nipissing,2021-2022,Undergraduate,Not Applicable,26
Nipissing,2021-2022,Graduate,Degree (includes applied degree),185
Nipissing,2022-2023,Undergraduate,Certificate,0
Nipissing,2022-2023,Undergraduate,Degree (includes applied degree),3551
Nipissing,2022-2023,Undergraduate,Diploma,37
Nipissing,2022-2023,Undergraduate,Not Applicable,27
Nipissing,2022-2023,Graduate,Degree (includes applied degree),171
Nipissing,2023-2024,Undergraduate,Certificate,0
Nipissing,2023-2024,Undergraduate,Degree (includes applied degree),3629
Nipissing,2023-2024,Undergraduate,Diploma,230
Nipissing,2023-2024,Graduate,Degree (includes applied degree),175
OCADU,2012-2013,Undergraduate,Degree (includes applied degree),3437
OCADU,2012-2013,Undergraduate,Diploma,0
OCADU,2012-2013,Graduate,Degree (includes applied degree),133
OCADU,2013-2014,Undergraduate,Certificate,0
OCADU,2013-2014,Undergraduate,Degree (includes applied degree),3351
OCADU,2013-2014,Undergraduate,Not Applicable,40
OCADU,2013-2014,Graduate,Degree (includes applied degree),156
OCADU,2014-2015,Undergraduate,Degree (includes applied degree),3319
OCADU,2014-2015,Undergraduate,Not Applicable,35
OCADU,2014-2015,Graduate,Degree (includes applied degree),164
OCADU,2014-2015,Graduate,Not Applicable,0
OCADU,2015-2016,Undergraduate,Degree (includes applied degree),3315
OCADU,2015-2016,Graduate,Degree (includes applied degree),168
OCADU,2016-2017,Undergraduate,Degree (includes applied degree),3178
OCADU,2016-2017,Undergraduate,Not Applicable,0
OCADU,2016-2017,Graduate,Degree (includes applied degree),171
OCADU,2016-2017,Graduate,Diploma,0
OCADU,2017-2018,Undergraduate,Degree (includes applied degree),3202
OCADU,2017-2018,Graduate,Degree (includes applied degree),183
OCADU,2018-2019,Undergraduate,Degree (includes applied degree),3205
OCADU,2018-2019,Graduate,Degree (includes applied degree),202
OCADU,2019-2020,Undergraduate,Degree (includes applied degree),3344
OCADU,2019-2020,Graduate,Degree (includes applied degree),219
OCADU,2020-2021,Undergraduate,Degree (includes applied degree),4040
OCADU,2020-2021,Graduate,Degree (includes applied degree),230
OCADU,2021-2022,Undergraduate,Degree (includes applied degree),4113
OCADU,2021-2022,Graduate,Degree (includes applied degree),252
OCADU,2022-2023,Undergraduate,Degree (includes applied degree),4322
OCADU,2022-2023,Undergraduate,Not Applicable,0
OCADU,2022-2023,Graduate,Degree (includes applied degree),232
OCADU,2023-2024,Undergraduate,Degree (includes applied degree),4493
OCADU,2023-2024,Graduate,Degree (includes applied degree),256
Ontario Tech,2012-2013,Undergraduate,Degree (includes applied degree),8121
Ontario Tech,2012-2013,Undergraduate,Not Applicable,18
Ontario Tech,2012-2013,Graduate,Degree (includes applied degree),329
Ontario Tech,2013-2014,Undergraduate,Degree (includes applied degree),8589
Ontario Tech,2013-2014,Undergraduate,Not Applicable,12
Ontario Tech,2013-2014,Graduate,Degree (includes applied degree),372
Ontario Tech,2014-2015,Undergraduate,Degree (includes applied degree),8727
Ontario Tech,2014-2015,Undergraduate,Not Applicable,21
Ontario Tech,2014-2015,Graduate,Degree (includes applied degree),397
Ontario Tech,2014-2015,Graduate,Not Applicable,0
Ontario Tech,2015-2016,Undergraduate,Degree (includes applied degree),8607
Ontario Tech,2015-2016,Undergraduate,Not Applicable,10
Ontario Tech,2015-2016,Graduate,Degree (includes applied degree),413
Ontario Tech,2016-2017,Undergraduate,Degree (includes applied degree),8771
Ontario Tech,2016-2017,Undergraduate,Not Applicable,24
Ontario Tech,2016-2017,Graduate,Degree (includes applied degree),381
Ontario Tech,2017-2018,Undergraduate,Degree (includes applied degree),8812
Ontario Tech,2017-2018,Undergraduate,Not Applicable,14
Ontario Tech,2017-2018,Graduate,Degree (includes applied degree),431
Ontario Tech,2018-2019,Undergraduate,Degree (includes applied degree),8909
Ontario Tech,2018-2019,Undergraduate,Not Applicable,33
Ontario Tech,2018-2019,Graduate,Degree (includes applied degree),466
Ontario Tech,2019-2020,Undergraduate,Degree (includes applied degree),8973
Ontario Tech,2019-2020,Undergraduate,Not Applicable,20
Ontario Tech,2019-2020,Graduate,Degree (includes applied degree),505
Ontario Tech,2019-2020,Graduate,Diploma,11
Ontario Tech,2020-2021,Undergraduate,Degree (includes applied degree),9172
Ontario Tech,2020-2021,Graduate,Degree (includes applied degree),546
Ontario Tech,2020-2021,Graduate,Diploma,13
Ontario Tech,2020-2021,Graduate,Not Applicable,0
Ontario Tech,2021-2022,Undergraduate,Degree (includes applied degree),9354
Ontario Tech,2021-2022,Undergraduate,Not Applicable,0
Ontario Tech,2021-2022,Graduate,Degree (includes applied degree),669
Ontario Tech,2021-2022,Graduate,Diploma,11
Ontario Tech,2021-2022,Graduate,Not Applicable,0
Ontario Tech,2022-2023,Undergraduate,Degree (includes applied degree),9325
Ontario Tech,2022-2023,Undergraduate,Not Applicable,13
Ontario Tech,2022-2023,Graduate,Degree (includes applied degree),747
Ontario Tech,2023-2024,Undergraduate,Degree (includes applied degree),9996
Ontario Tech,2023-2024,Undergraduate,Not Applicable,10
Ontario Tech,2023-2024,Graduate,Degree (includes applied degree),726
Ottawa,2012-2013,Undergraduate,Certificate,30
Ottawa,2012-2013,Undergraduate,Degree (includes applied degree),28478
Ottawa,2012-2013,Undergraduate,Not Applicable,1412
Ottawa,2012-2013,Graduate,Certificate,34
Ottawa,2012-2013,Graduate,Degree (includes applied degree),5103
Ottawa,2012-2013,Graduate,Diploma,38
Ottawa,2012-2013,Graduate,Not Applicable,37
Ottawa,2013-2014,Undergraduate,Certificate,35
Ottawa,2013-2014,Undergraduate,Degree (includes applied degree),28532
Ottawa,2013-2014,Undergraduate,Not Applicable,1468
Ottawa,2013-2014,Graduate,Degree (includes applied degree),5437
Ottawa,2013-2014,Graduate,Diploma,32
Ottawa,2013-2014,Graduate,Not Applicable,33
Ottawa,2014-2015,Undergraduate,Certificate,35
Ottawa,2014-2015,Undergraduate,Degree (includes applied degree),28740
Ottawa,2014-2015,Undergraduate,Not Applicable,1494
Ottawa,2014-2015,Graduate,Degree (includes applied degree),5583
Ottawa,2014-2015,Graduate,Diploma,35
Ottawa,2014-2015,Graduate,Not Applicable,37
Ottawa,2015-2016,Undergraduate,Certificate,46
Ottawa,2015-2016,Undergraduate,Degree (includes applied degree),28827
Ottawa,2015-2016,Undergraduate,Not Applicable,1468
Ottawa,2015-2016,Graduate,Degree (includes applied degree),5500
Ottawa,2015-2016,Graduate,Diploma,44
Ottawa,2015-2016,Graduate,Not Applicable,57
Ottawa,2016-2017,Undergraduate,Certificate,23
Ottawa,2016-2017,Undergraduate,Degree (includes applied degree),29273
Ottawa,2016-2017,Undergraduate,Not Applicable,1700
Ottawa,2016-2017,Graduate,Degree (includes applied degree),5447
Ottawa,2016-2017,Graduate,Diploma,22
Ottawa,2016-2017,Graduate,Not Applicable,62
Ottawa,2017-2018,Undergraduate,Certificate,20
Ottawa,2017-2018,Undergraduate,Degree (includes applied degree),28951
Ottawa,2017-2018,Undergraduate,Not Applicable,1838
Ottawa,2017-2018,Graduate,Degree (includes applied degree),5564
Ottawa,2017-2018,Graduate,Diploma,39
Ottawa,2017-2018,Graduate,Not Applicable,133
Ottawa,2018-2019,Undergraduate,Certificate,19
Ottawa,2018-2019,Undergraduate,Degree (includes applied degree),29388
Ottawa,2018-2019,Undergraduate,Not Applicable,1904
Ottawa,2018-2019,Graduate,Degree (includes applied degree),5790
Ottawa,2018-2019,Graduate,Diploma,58
Ottawa,2018-2019,Graduate,Not Applicable,159
Ottawa,2019-2020,Undergraduate,Certificate,17
Ottawa,2019-2020,Undergraduate,Degree (includes applied degree),29739
Ottawa,2019-2020,Undergraduate,Not Applicable,1797
Ottawa,2019-2020,Graduate,Degree (includes applied degree),6203
Ottawa,2019-2020,Graduate,Diploma,49
Ottawa,2019-2020,Graduate,Not Applicable,52
Ottawa,2020-2021,Undergraduate,Certificate,18
Ottawa,2020-2021,Undergraduate,Degree (includes applied degree),31254
Ottawa,2020-2021,Undergraduate,Not Applicable,1342
Ottawa,2020-2021,Graduate,Degree (includes applied degree),6397
Ottawa,2020-2021,Graduate,Diploma,48
Ottawa,2020-2021,Graduate,Not Applicable,10
Ottawa,2021-2022,Undergraduate,Certificate,34
Ottawa,2021-2022,Undergraduate,Degree (includes applied degree),32678
Ottawa,2021-2022,Undergraduate,Not Applicable,1287
Ottawa,2021-2022,Graduate,Degree (includes applied degree),6700
Ottawa,2021-2022,Graduate,Diploma,50
Ottawa,2021-2022,Graduate,Not Applicable,28
Ottawa,2022-2023,Undergraduate,Certificate,54
Ottawa,2022-2023,Undergraduate,Degree (includes applied degree),32641
Ottawa,2022-2023,Undergraduate,Not Applicable,1587
Ottawa,2022-2023,Graduate,Degree (includes applied degree),7007
Ottawa,2022-2023,Graduate,Diploma,33
Ottawa,2022-2023,Graduate,Not Applicable,31
Ottawa,2023-2024,Undergraduate,Certificate,51
Ottawa,2023-2024,Undergraduate,Degree (includes applied degree),33073
Ottawa,2023-2024,Undergraduate,Not Applicable,1631
Ottawa,2023-2024,Graduate,Degree (includes applied degree),7050
Ottawa,2023-2024,Graduate,Diploma,55
Ottawa,2023-2024,Graduate,Not Applicable,23
Queen's,2012-2013,Undergraduate,Degree (includes applied degree),16239
Queen's,2012-2013,Undergraduate,Diploma,23
Queen's,2012-2013,Undergraduate,Not Applicable,1041
Queen's,2012-2013,Graduate,Certificate,12
Queen's,2012-2013,Graduate,Degree (includes applied degree),3662
Queen's,2012-2013,Graduate,Not Applicable,72
Queen's,2013-2014,Undergraduate,Degree (includes applied degree),16556
Queen's,2013-2014,Undergraduate,Diploma,18
Queen's,2013-2014,Undergraduate,Not Applicable,1137
Queen's,2013-2014,Graduate,Degree (includes applied degree),3721
Queen's,2013-2014,Graduate,Not Applicable,70
Queen's,2014-2015,Undergraduate,Degree (includes applied degree),17265
Queen's,2014-2015,Undergraduate,Diploma,16
Queen's,2014-2015,Undergraduate,Not Applicable,1236
Queen's,2014-2015,Graduate,Certificate,10
Queen's,2014-2015,Graduate,Degree (includes applied degree),3846
Queen's,2014-2015,Graduate,Not Applicable,96
Queen's,2015-2016,Undergraduate,Degree (includes applied degree),17781
Queen's,2015-2016,Undergraduate,Diploma,31
Queen's,2015-2016,Undergraduate,Not Applicable,1288
Queen's,2015-2016,Graduate,Certificate,0
Queen's,2015-2016,Graduate,Degree (includes applied degree),3953
Queen's,2015-2016,Graduate,Diploma,13
Queen's,2015-2016,Graduate,Not Applicable,102
Queen's,2016-2017,Undergraduate,Degree (includes applied degree),18146
Queen's,2016-2017,Undergraduate,Diploma,11
Queen's,2016-2017,Undergraduate,Not Applicable,1264
Queen's,2016-2017,Graduate,Degree (includes applied degree),3982
Queen's,2016-2017,Graduate,Diploma,12
Queen's,2016-2017,Graduate,Not Applicable,80
Queen's,2017-2018,Undergraduate,Certificate,12
Queen's,2017-2018,Undergraduate,Degree (includes applied degree),18907
Queen's,2017-2018,Undergraduate,Not Applicable,1295
Queen's,2017-2018,Graduate,Degree (includes applied degree),4212
Queen's,2017-2018,Graduate,Diploma,13
Queen's,2017-2018,Graduate,Not Applicable,90
Queen's,2018-2019,Undergraduate,Certificate,20
Queen's,2018-2019,Undergraduate,Degree (includes applied degree),19540
Queen's,2018-2019,Undergraduate,Diploma,15
Queen's,2018-2019,Undergraduate,Not Applicable,1338
Queen's,2018-2019,Graduate,Degree (includes applied degree),4514
Queen's,2018-2019,Graduate,Diploma,17
Queen's,2018-2019,Graduate,Not Applicable,91
Queen's,2019-2020,Undergraduate,Certificate,28
Queen's,2019-2020,Undergraduate,Degree (includes applied degree),19938
Queen's,2019-2020,Undergraduate,Not Applicable,1301
Queen's,2019-2020,Graduate,Degree (includes applied degree),4673
Queen's,2019-2020,Graduate,Diploma,22
Queen's,2019-2020,Graduate,Not Applicable,92
Queen's,2020-2021,Undergraduate,Certificate,45
Queen's,2020-2021,Undergraduate,Degree (includes applied degree),20862
Queen's,2020-2021,Undergraduate,Not Applicable,902
Queen's,2020-2021,Graduate,Degree (includes applied degree),4715
Queen's,2020-2021,Graduate,Diploma,38
Queen's,2020-2021,Graduate,Not Applicable,29
Queen's,2021-2022,Undergraduate,Certificate,53
Queen's,2021-2022,Undergraduate,Degree (includes applied degree),21576
Queen's,2021-2022,Undergraduate,Not Applicable,1193
Queen's,2021-2022,Graduate,Degree (includes applied degree),5244
Queen's,2021-2022,Graduate,Diploma,313
Queen's,2021-2022,Graduate,Not Applicable,55
Queen's,2022-2023,Undergraduate,Certificate,44
Queen's,2022-2023,Undergraduate,Degree (includes applied degree),22043
Queen's,2022-2023,Undergraduate,Not Applicable,1413
Queen's,2022-2023,Graduate,Degree (includes applied degree),4951
Queen's,2022-2023,Graduate,Diploma,446
Queen's,2022-2023,Graduate,Not Applicable,68
Queen's,2023-2024,Undergraduate,Certificate,39
Queen's,2023-2024,Undergraduate,Degree (includes applied degree),22519
Queen's,2023-2024,Undergraduate,Not Applicable,1687
Queen's,2023-2024,Graduate,Degree (includes applied degree),4658
Queen's,2023-2024,Graduate,Diploma,573
Queen's,2023-2024,Graduate,Not Applicable,70
Toronto,2012-2013,Undergraduate,Certificate,60
Toronto,2012-2013,Undergraduate,Degree (includes applied degree),55491
Toronto,2012-2013,Undergraduate,Diploma,60
Toronto,2012-2013,Undergraduate,Not Applicable,3617
Toronto,2012-2013,Graduate,Degree (includes applied degree),13899
Toronto,2012-2013,Graduate,Diploma,11
Toronto,2012-2013,Graduate,Not Applicable,70
Toronto,2013-2014,Undergraduate,Certificate,44
Toronto,2013-2014,Undergraduate,Degree (includes applied degree),56763
Toronto,2013-2014,Undergraduate,Diploma,43
Toronto,2013-2014,Undergraduate,Not Applicable,3855
Toronto,2013-2014,Graduate,Degree (includes applied degree),14612
Toronto,2013-2014,Graduate,Not Applicable,75
Toronto,2014-2015,Undergraduate,Certificate,52
Toronto,2014-2015,Undergraduate,Degree (includes applied degree),57598
Toronto,2014-2015,Undergraduate,Diploma,42
Toronto,2014-2015,Undergraduate,Not Applicable,4230
Toronto,2014-2015,Graduate,Degree (includes applied degree),15184
Toronto,2014-2015,Graduate,Diploma,0
Toronto,2014-2015,Graduate,Not Applicable,73
Toronto,2015-2016,Undergraduate,Certificate,27
Toronto,2015-2016,Undergraduate,Degree (includes applied degree),59721
Toronto,2015-2016,Undergraduate,Diploma,10
Toronto,2015-2016,Undergraduate,Not Applicable,3957
Toronto,2015-2016,Graduate,Degree (includes applied degree),15736
Toronto,2015-2016,Graduate,Not Applicable,82
Toronto,2016-2017,Undergraduate,Certificate,29
Toronto,2016-2017,Undergraduate,Degree (includes applied degree),60413
Toronto,2016-2017,Undergraduate,Not Applicable,3888
Toronto,2016-2017,Graduate,Degree (includes applied degree),16538
Toronto,2016-2017,Graduate,Diploma,0
Toronto,2016-2017,Graduate,Not Applicable,68
Toronto,2017-2018,Undergraduate,Certificate,43
Toronto,2017-2018,Undergraduate,Degree (includes applied degree),61055
Toronto,2017-2018,Undergraduate,Not Applicable,3843
Toronto,2017-2018,Graduate,Degree (includes applied degree),16985
Toronto,2017-2018,Graduate,Diploma,0
Toronto,2017-2018,Graduate,Not Applicable,72
Toronto,2018-2019,Undergraduate,Certificate,61
Toronto,2018-2019,Undergraduate,Degree (includes applied degree),61704
Toronto,2018-2019,Undergraduate,Not Applicable,3948
Toronto,2018-2019,Graduate,Degree (includes applied degree),17769
Toronto,2018-2019,Graduate,Diploma,0
Toronto,2018-2019,Graduate,Not Applicable,65
Toronto,2019-2020,Undergraduate,Certificate,35
Toronto,2019-2020,Undergraduate,Degree (includes applied degree),62656
Toronto,2019-2020,Undergraduate,Diploma,10
Toronto,2019-2020,Undergraduate,Not Applicable,3934
Toronto,2019-2020,Graduate,Degree (includes applied degree),18605
Toronto,2019-2020,Graduate,Diploma,0
Toronto,2019-2020,Graduate,Not Applicable,75
Toronto,2020-2021,Undergraduate,Certificate,12
Toronto,2020-2021,Undergraduate,Degree (includes applied degree),64586
Toronto,2020-2021,Undergraduate,Not Applicable,3397
Toronto,2020-2021,Graduate,Degree (includes applied degree),19039
Toronto,2020-2021,Graduate,Diploma,0
Toronto,2020-2021,Graduate,Not Applicable,16
Toronto,2021-2022,Undergraduate,Certificate,18
Toronto,2021-2022,Undergraduate,Degree (includes applied degree),65210
Toronto,2021-2022,Undergraduate,Not Applicable,3692
Toronto,2021-2022,Graduate,Degree (includes applied degree),19756
Toronto,2021-2022,Graduate,Diploma,0
Toronto,2021-2022,Graduate,Not Applicable,66
Toronto,2022-2023,Undergraduate,Certificate,12
Toronto,2022-2023,Undergraduate,Degree (includes applied degree),65525
Toronto,2022-2023,Undergraduate,Not Applicable,4125
Toronto,2022-2023,Graduate,Degree (includes applied degree),19947
Toronto,2022-2023,Graduate,Diploma,0
Toronto,2022-2023,Graduate,Not Applicable,69
Toronto,2023-2024,Undergraduate,Certificate,11
Toronto,2023-2024,Undergraduate,Degree (includes applied degree),67810
Toronto,2023-2024,Undergraduate,Not Applicable,4121
Toronto,2023-2024,Graduate,Degree (includes applied degree),19869
Toronto,2023-2024,Graduate,Diploma,0
Toronto,2023-2024,Graduate,Not Applicable,61
Trent,2012-2013,Undergraduate,Degree (includes applied degree),6345
Trent,2012-2013,Undergraduate,Diploma,18
Trent,2012-2013,Undergraduate,Not Applicable,46
Trent,2012-2013,Graduate,Degree (includes applied degree),415
Trent,2013-2014,Undergraduate,Degree (includes applied degree),6426
Trent,2013-2014,Undergraduate,Diploma,16
Trent,2013-2014,Undergraduate,Not Applicable,56
Trent,2013-2014,Graduate,Degree (includes applied degree),417
Trent,2014-2015,Undergraduate,Degree (includes applied degree),6461
Trent,2014-2015,Undergraduate,Diploma,20
Trent,2014-2015,Undergraduate,Not Applicable,59
Trent,2014-2015,Graduate,Degree (includes applied degree),379
Trent,2015-2016,Undergraduate,Degree (includes applied degree),6650
Trent,2015-2016,Undergraduate,Diploma,38
Trent,2015-2016,Undergraduate,Not Applicable,13
Trent,2015-2016,Graduate,Degree (includes applied degree),372
Trent,2016-2017,Undergraduate,Certificate,25
Trent,2016-2017,Undergraduate,Degree (includes applied degree),7189
Trent,2016-2017,Undergraduate,Diploma,19
Trent,2016-2017,Undergraduate,Not Applicable,48
Trent,2016-2017,Graduate,Degree (includes applied degree),359
Trent,2017-2018,Undergraduate,Certificate,16
Trent,2017-2018,Undergraduate,Degree (includes applied degree),7652
Trent,2017-2018,Undergraduate,Diploma,13
Trent,2017-2018,Undergraduate,Not Applicable,52
Trent,2017-2018,Graduate,Degree (includes applied degree),418
Trent,2018-2019,Undergraduate,Certificate,34
Trent,2018-2019,Undergraduate,Degree (includes applied degree),8119
Trent,2018-2019,Undergraduate,Diploma,16
Trent,2018-2019,Undergraduate,Not Applicable,54
Trent,2018-2019,Graduate,Degree (includes applied degree),496
Trent,2019-2020,Undergraduate,Certificate,55
Trent,2019-2020,Undergraduate,Degree (includes applied degree),8783
Trent,2019-2020,Undergraduate,Diploma,10
Trent,2019-2020,Undergraduate,Not Applicable,55
Trent,2019-2020,Graduate,Degree (includes applied degree),530
Trent,2020-2021,Undergraduate,Certificate,18
Trent,2020-2021,Undergraduate,Degree (includes applied degree),9104
Trent,2020-2021,Undergraduate,Diploma,10
Trent,2020-2021,Undergraduate,Not Applicable,20
Trent,2020-2021,Graduate,Degree (includes applied degree),545
Trent,2021-2022,Undergraduate,Certificate,42
Trent,2021-2022,Undergraduate,Degree (includes applied degree),9395
Trent,2021-2022,Undergraduate,Not Applicable,43
Trent,2021-2022,Graduate,Degree (includes applied degree),630
Trent,2022-2023,Undergraduate,Certificate,170
Trent,2022-2023,Undergraduate,Degree (includes applied degree),9763
Trent,2022-2023,Undergraduate,Diploma,10
Trent,2022-2023,Undergraduate,Not Applicable,39
Trent,2022-2023,Graduate,Degree (includes applied degree),675
Trent,2023-2024,Undergraduate,Certificate,736
Trent,2023-2024,Undergraduate,Degree (includes applied degree),10086
Trent,2023-2024,Undergraduate,Not Applicable,54
Trent,2023-2024,Graduate,Degree (includes applied degree),1040
UOF,2021-2022,Undergraduate,Degree (includes applied degree),27
UOF,2022-2023,Undergraduate,Certificate,0
UOF,2022-2023,Undergraduate,Degree (includes applied degree),98
UOF,2023-2024,Undergraduate,Degree (includes applied degree),196
Waterloo,2012-2013,Undergraduate,Degree (includes applied degree),27791
Waterloo,2012-2013,Undergraduate,Not Applicable,554
Waterloo,2012-2013,Graduate,Degree (includes applied degree),3820
Waterloo,2012-2013,Graduate,Not Applicable,18
Waterloo,2013-2014,Undergraduate,Degree (includes applied degree),28604
Waterloo,2013-2014,Undergraduate,Not Applicable,500
Waterloo,2013-2014,Graduate,Degree (includes applied degree),3940
Waterloo,2013-2014,Graduate,Not Applicable,20
Waterloo,2014-2015,Undergraduate,Degree (includes applied degree),29004
Waterloo,2014-2015,Undergraduate,Not Applicable,552
Waterloo,2014-2015,Graduate,Degree (includes applied degree),3945
Waterloo,2014-2015,Graduate,Not Applicable,17
Waterloo,2015-2016,Undergraduate,Degree (includes applied degree),29406
Waterloo,2015-2016,Undergraduate,Not Applicable,506
Waterloo,2015-2016,Graduate,Degree (includes applied degree),4034
Waterloo,2015-2016,Graduate,Not Applicable,14
Waterloo,2016-2017,Undergraduate,Degree (includes applied degree),30342
Waterloo,2016-2017,Undergraduate,Not Applicable,566
Waterloo,2016-2017,Graduate,Degree (includes applied degree),4185
Waterloo,2016-2017,Graduate,Not Applicable,24
Waterloo,2017-2018,Undergraduate,Degree (includes applied degree),31229
Waterloo,2017-2018,Undergraduate,Not Applicable,545
Waterloo,2017-2018,Graduate,Degree (includes applied degree),4482
Waterloo,2017-2018,Graduate,Not Applicable,23
Waterloo,2018-2019,Undergraduate,Degree (includes applied degree),31993
Waterloo,2018-2019,Undergraduate,Not Applicable,523
Waterloo,2018-2019,Graduate,Degree (includes applied degree),4550
Waterloo,2018-2019,Graduate,Not Applicable,20
Waterloo,2019-2020,Undergraduate,Degree (includes applied degree),32657
Waterloo,2019-2020,Undergraduate,Not Applicable,541
Waterloo,2019-2020,Graduate,Degree (includes applied degree),4719
Waterloo,2019-2020,Graduate,Not Applicable,19
Waterloo,2020-2021,Undergraduate,Degree (includes applied degree),34016
Waterloo,2020-2021,Undergraduate,Not Applicable,202
Waterloo,2020-2021,Graduate,Degree (includes applied degree),4713
Waterloo,2020-2021,Graduate,Diploma,0
Waterloo,2021-2022,Undergraduate,Degree (includes applied degree),34118
Waterloo,2021-2022,Undergraduate,Diploma,0
Waterloo,2021-2022,Undergraduate,Not Applicable,390
Waterloo,2021-2022,Graduate,Degree (includes applied degree),4942
Waterloo,2021-2022,Graduate,Not Applicable,14
Waterloo,2022-2023,Undergraduate,Degree (includes applied degree),33955
Waterloo,2022-2023,Undergraduate,Not Applicable,444
Waterloo,2022-2023,Graduate,Degree (includes applied degree),4624
Waterloo,2022-2023,Graduate,Diploma,0
Waterloo,2022-2023,Graduate,Not Applicable,17
Waterloo,2023-2024,Undergraduate,Degree (includes applied degree),33972
Waterloo,2023-2024,Undergraduate,Not Applicable,487
Waterloo,2023-2024,Graduate,Degree (includes applied degree),4534
Waterloo,2023-2024,Graduate,Diploma,0
Waterloo,2023-2024,Graduate,Not Applicable,20
Western,2012-2013,Undergraduate,Degree (includes applied degree),27520
Western,2012-2013,Undergraduate,Diploma,47
Western,2012-2013,Undergraduate,Not Applicable,1078
Western,2012-2013,Graduate,Degree (includes applied degree),4841
Western,2013-2014,Undergraduate,Degree (includes applied degree),27824
Western,2013-2014,Undergraduate,Diploma,32
Western,2013-2014,Undergraduate,Not Applicable,1090
Western,2013-2014,Graduate,Degree (includes applied degree),5064
Western,2014-2015,Undergraduate,Degree (includes applied degree),27907
Western,2014-2015,Undergraduate,Diploma,60
Western,2014-2015,Undergraduate,Not Applicable,1187
Western,2014-2015,Graduate,Degree (includes applied degree),5283
Western,2015-2016,Undergraduate,Degree (includes applied degree),27702
Western,2015-2016,Undergraduate,Diploma,35
Western,2015-2016,Undergraduate,Not Applicable,1124
Western,2015-2016,Graduate,Degree (includes applied degree),5433
Western,2016-2017,Undergraduate,Degree (includes applied degree),28513
Western,2016-2017,Undergraduate,Diploma,35
Western,2016-2017,Undergraduate,Not Applicable,1135
Western,2016-2017,Graduate,Degree (includes applied degree),5605
Western,2016-2017,Graduate,Diploma,0
Western,2017-2018,Undergraduate,Degree (includes applied degree),28625
Western,2017-2018,Undergraduate,Diploma,29
Western,2017-2018,Undergraduate,Not Applicable,1149
Western,2017-2018,Graduate,Degree (includes applied degree),6028
Western,2017-2018,Graduate,Diploma,0
Western,2018-2019,Undergraduate,Degree (includes applied degree),29104
Western,2018-2019,Undergraduate,Diploma,29
Western,2018-2019,Undergraduate,Not Applicable,1236
Western,2018-2019,Graduate,Degree (includes applied degree),6007
Western,2018-2019,Graduate,Diploma,0
Western,2019-2020,Undergraduate,Certificate,0
Western,2019-2020,Undergraduate,Degree (includes applied degree),29697
Western,2019-2020,Undergraduate,Diploma,77
Western,2019-2020,Undergraduate,Not Applicable,1183
Western,2019-2020,Graduate,Degree (includes applied degree),6275
Western,2020-2021,Undergraduate,Degree (includes applied degree),30982
Western,2020-2021,Undergraduate,Diploma,45
Western,2020-2021,Undergraduate,Not Applicable,1105
Western,2020-2021,Graduate,Degree (includes applied degree),6205
Western,2021-2022,Undergraduate,Degree (includes applied degree),31957
Western,2021-2022,Undergraduate,Diploma,44
Western,2021-2022,Undergraduate,Not Applicable,1115
Western,2021-2022,Graduate,Degree (includes applied degree),6812
Western,2022-2023,Undergraduate,Degree (includes applied degree),32931
Western,2022-2023,Undergraduate,Diploma,34
Western,2022-2023,Undergraduate,Not Applicable,1110
Western,2022-2023,Graduate,Degree (includes applied degree),6741
Western,2022-2023,Graduate,Diploma,11
Western,2023-2024,Undergraduate,Degree (includes applied degree),33994
Western,2023-2024,Undergraduate,Diploma,64
Western,2023-2024,Undergraduate,Not Applicable,1137
Western,2023-2024,Graduate,Degree (includes applied degree),6940
Western,2023-2024,Graduate,Diploma,13
Wilfrid Laurier,2012-2013,Undergraduate,Degree (includes applied degree),15063
Wilfrid Laurier,2012-2013,Undergraduate,Diploma,17
Wilfrid Laurier,2012-2013,Undergraduate,Not Applicable,192
Wilfrid Laurier,2012-2013,Graduate,Degree (includes applied degree),921
Wilfrid Laurier,2012-2013,Graduate,Not Applicable,10
Wilfrid Laurier,2013-2014,Undergraduate,Degree (includes applied degree),15334
Wilfrid Laurier,2013-2014,Undergraduate,Diploma,15
Wilfrid Laurier,2013-2014,Undergraduate,Not Applicable,167
Wilfrid Laurier,2013-2014,Graduate,Degree (includes applied degree),967
Wilfrid Laurier,2013-2014,Graduate,Not Applicable,12
Wilfrid Laurier,2014-2015,Undergraduate,Degree (includes applied degree),14898
Wilfrid Laurier,2014-2015,Undergraduate,Not Applicable,189
Wilfrid Laurier,2014-2015,Graduate,Degree (includes applied degree),945
Wilfrid Laurier,2015-2016,Undergraduate,Degree (includes applied degree),14538
Wilfrid Laurier,2015-2016,Undergraduate,Not Applicable,294
Wilfrid Laurier,2015-2016,Graduate,Degree (includes applied degree),980
Wilfrid Laurier,2015-2016,Graduate,Not Applicable,10
Wilfrid Laurier,2016-2017,Undergraduate,Degree (includes applied degree),14619
Wilfrid Laurier,2016-2017,Undergraduate,Not Applicable,245
Wilfrid Laurier,2016-2017,Graduate,Degree (includes applied degree),961
Wilfrid Laurier,2016-2017,Graduate,Not Applicable,17
Wilfrid Laurier,2017-2018,Undergraduate,Degree (includes applied degree),15101
Wilfrid Laurier,2017-2018,Undergraduate,Not Applicable,135
Wilfrid Laurier,2017-2018,Graduate,Degree (includes applied degree),1017
Wilfrid Laurier,2017-2018,Graduate,Diploma,144
Wilfrid Laurier,2018-2019,Undergraduate,Degree (includes applied degree),15114
Wilfrid Laurier,2018-2019,Undergraduate,Not Applicable,126
Wilfrid Laurier,2018-2019,Graduate,Degree (includes applied degree),1061
Wilfrid Laurier,2018-2019,Graduate,Diploma,144
Wilfrid Laurier,2018-2019,Graduate,Not Applicable,10
Wilfrid Laurier,2019-2020,Undergraduate,Degree (includes applied degree),15529
Wilfrid Laurier,2019-2020,Undergraduate,Not Applicable,104
Wilfrid Laurier,2019-2020,Graduate,Degree (includes applied degree),1017
Wilfrid Laurier,2019-2020,Graduate,Diploma,124
Wilfrid Laurier,2019-2020,Graduate,Not Applicable,22
Wilfrid Laurier,2020-2021,Undergraduate,Degree (includes applied degree),15856
Wilfrid Laurier,2020-2021,Undergraduate,Not Applicable,25
Wilfrid Laurier,2020-2021,Graduate,Degree (includes applied degree),1042
Wilfrid Laurier,2020-2021,Graduate,Diploma,133
Wilfrid Laurier,2020-2021,Graduate,Not Applicable,0
Wilfrid Laurier,2021-2022,Undergraduate,Degree (includes applied degree),16453
Wilfrid Laurier,2021-2022,Undergraduate,Not Applicable,80
Wilfrid Laurier,2021-2022,Graduate,Degree (includes applied degree),1081
Wilfrid Laurier,2021-2022,Graduate,Diploma,122
Wilfrid Laurier,2021-2022,Graduate,Not Applicable,0
Wilfrid Laurier,2022-2023,Undergraduate,Degree (includes applied degree),16568
Wilfrid Laurier,2022-2023,Undergraduate,Not Applicable,110
Wilfrid Laurier,2022-2023,Graduate,Degree (includes applied degree),1027
Wilfrid Laurier,2022-2023,Graduate,Diploma,80
Wilfrid Laurier,2022-2023,Graduate,Not Applicable,20
Wilfrid Laurier,2023-2024,Undergraduate,Degree (includes applied degree),16725
Wilfrid Laurier,2023-2024,Undergraduate,Not Applicable,118
Wilfrid Laurier,2023-2024,Graduate,Degree (includes applied degree),1161
Wilfrid Laurier,2023-2024,Graduate,Diploma,75
Windsor,2012-2013,Undergraduate,Certificate,29
Windsor,2012-2013,Undergraduate,Degree (includes applied degree),11693
Windsor,2012-2013,Undergraduate,Not Applicable,82
Windsor,2012-2013,Graduate,Degree (includes applied degree),1905
Windsor,2013-2014,Undergraduate,Certificate,31
Windsor,2013-2014,Undergraduate,Degree (includes applied degree),11703
Windsor,2013-2014,Undergraduate,Not Applicable,68
Windsor,2013-2014,Graduate,Degree (includes applied degree),2298
Windsor,2013-2014,Graduate,Not Applicable,0
Windsor,2014-2015,Undergraduate,Certificate,34
Windsor,2014-2015,Undergraduate,Degree (includes applied degree),11461
Windsor,2014-2015,Undergraduate,Not Applicable,94
Windsor,2014-2015,Graduate,Degree (includes applied degree),2431
Windsor,2015-2016,Undergraduate,Certificate,23
Windsor,2015-2016,Undergraduate,Degree (includes applied degree),10766
Windsor,2015-2016,Undergraduate,Not Applicable,93
Windsor,2015-2016,Graduate,Degree (includes applied degree),2672
Windsor,2015-2016,Graduate,Not Applicable,0
Windsor,2016-2017,Undergraduate,Certificate,18
Windsor,2016-2017,Undergraduate,Degree (includes applied degree),10464
Windsor,2016-2017,Undergraduate,Not Applicable,83
Windsor,2016-2017,Graduate,Degree (includes applied degree),3041
Windsor,2017-2018,Undergraduate,Certificate,15
Windsor,2017-2018,Undergraduate,Degree (includes applied degree),10456
Windsor,2017-2018,Undergraduate,Not Applicable,71
Windsor,2017-2018,Graduate,Degree (includes applied degree),3535
Windsor,2018-2019,Undergraduate,Certificate,18
Windsor,2018-2019,Undergraduate,Degree (includes applied degree),10474
Windsor,2018-2019,Undergraduate,Diploma,0
Windsor,2018-2019,Undergraduate,Not Applicable,80
Windsor,2018-2019,Graduate,Degree (includes applied degree),3932
Windsor,2018-2019,Graduate,Not Applicable,0
Windsor,2019-2020,Undergraduate,Certificate,20
Windsor,2019-2020,Undergraduate,Degree (includes applied degree),10600
Windsor,2019-2020,Undergraduate,Diploma,22
Windsor,2019-2020,Undergraduate,Not Applicable,74
Windsor,2019-2020,Graduate,Degree (includes applied degree),4047
Windsor,2020-2021,Undergraduate,Certificate,16
Windsor,2020-2021,Undergraduate,Degree (includes applied degree),10699
Windsor,2020-2021,Undergraduate,Diploma,28
Windsor,2020-2021,Undergraduate,Not Applicable,29
Windsor,2020-2021,Graduate,Degree (includes applied degree),4295
Windsor,2021-2022,Undergraduate,Certificate,14
Windsor,2021-2022,Undergraduate,Degree (includes applied degree),10516
Windsor,2021-2022,Undergraduate,Not Applicable,58
Windsor,2021-2022,Graduate,Degree (includes applied degree),4920
Windsor,2021-2022,Graduate,Not Applicable,0
Windsor,2022-2023,Undergraduate,Degree (includes applied degree),10136
Windsor,2022-2023,Undergraduate,Not Applicable,50
Windsor,2022-2023,Graduate,Degree (includes applied degree),5746
Windsor,2023-2024,Undergraduate,Certificate,11
Windsor,2023-2024,Undergraduate,Degree (includes applied degree),10425
Windsor,2023-2024,Undergraduate,Not Applicable,57
Windsor,2023-2024,Graduate,Degree (includes applied degree),5856
York,2012-2013,Undergraduate,Certificate,153
York,2012-2013,Undergraduate,Degree (includes applied degree),40637
York,2012-2013,Undergraduate,Not Applicable,457
York,2012-2013,Graduate,Degree (includes applied degree),3855
York,2012-2013,Graduate,Not Applicable,61
York,2013-2014,Undergraduate,Certificate,163
York,2013-2014,Undergraduate,Degree (includes applied degree),40288
York,2013-2014,Undergraduate,Not Applicable,453
York,2013-2014,Graduate,Degree (includes applied degree),3860
York,2013-2014,Graduate,Not Applicable,74
York,2014-2015,Undergraduate,Certificate,146
York,2014-2015,Undergraduate,Degree (includes applied degree),39039
York,2014-2015,Undergraduate,Not Applicable,511
York,2014-2015,Graduate,Degree (includes applied degree),3968
York,2014-2015,Graduate,Not Applicable,67
York,2015-2016,Undergraduate,Certificate,145
York,2015-2016,Undergraduate,Degree (includes applied degree),39051
York,2015-2016,Undergraduate,Not Applicable,408
York,2015-2016,Graduate,Degree (includes applied degree),4009
York,2015-2016,Graduate,Diploma,0
York,2015-2016,Graduate,Not Applicable,67
York,2016-2017,Undergraduate,Certificate,94
York,2016-2017,Undergraduate,Degree (includes applied degree),39171
York,2016-2017,Undergraduate,Not Applicable,373
York,2016-2017,Graduate,Degree (includes applied degree),4023
York,2016-2017,Graduate,Diploma,21
York,2016-2017,Graduate,Not Applicable,57
York,2017-2018,Undergraduate,Certificate,86
York,2017-2018,Undergraduate,Degree (includes applied degree),40789
York,2017-2018,Undergraduate,Not Applicable,345
York,2017-2018,Graduate,Degree (includes applied degree),4151
York,2017-2018,Graduate,Diploma,17
York,2017-2018,Graduate,Not Applicable,69
York,2018-2019,Undergraduate,Certificate,73
York,2018-2019,Undergraduate,Degree (includes applied degree),42548
York,2018-2019,Undergraduate,Not Applicable,355
York,2018-2019,Graduate,Degree (includes applied degree),4372
York,2018-2019,Graduate,Diploma,18
York,2018-2019,Graduate,Not Applicable,31
York,2019-2020,Undergraduate,Certificate,118
York,2019-2020,Undergraduate,Degree (includes applied degree),42588
York,2019-2020,Undergraduate,Not Applicable,335
York,2019-2020,Graduate,Degree (includes applied degree),4425
York,2019-2020,Graduate,Diploma,30
York,2019-2020,Graduate,Not Applicable,44
York,2020-2021,Undergraduate,Certificate,42
York,2020-2021,Undergraduate,Degree (includes applied degree),42694
York,2020-2021,Undergraduate,Not Applicable,114
York,2020-2021,Graduate,Degree (includes applied degree),4551
York,2020-2021,Graduate,Diploma,47
York,2021-2022,Undergraduate,Certificate,40
York,2021-2022,Undergraduate,Degree (includes applied degree),41486
York,2021-2022,Undergraduate,Not Applicable,141
York,2021-2022,Graduate,Degree (includes applied degree),4625
York,2021-2022,Graduate,Diploma,35
York,2022-2023,Undergraduate,Certificate,28
York,2022-2023,Undergraduate,Degree (includes applied degree),39901
York,2022-2023,Undergraduate,Not Applicable,327
York,2022-2023,Graduate,Degree (includes applied degree),4533
York,2022-2023,Graduate,Diploma,18
York,2022-2023,Graduate,Not Applicable,31
York,2023-2024,Undergraduate,Certificate,33
York,2023-2024,Undergraduate,Degree (includes applied degree),40733
York,2023-2024,Undergraduate,Not Applicable,282
York,2023-2024,Graduate,Degree (includes applied degree),4603
York,2023-2024,Graduate,Diploma,48
York,2023-2024,Graduate,Not Applicable,31
